       SCF,POSTHF,EKIN,POT
   -15.68874380,   -15.81731033,   11.86224486,   -6.54435803
                                                  
