       SCF,POSTHF,EKIN,POT
   -15.68964442,   -15.86249347,   11.85196677,   -6.54259734
                                                  
