       SCF,POSTHF,EKIN,POT
   -15.68977530,   -15.87543354,   11.84561055,   -6.54170137
                                                  
