       SCF,POSTHF,EKIN,POT
   -15.68977400,   -15.87957186,   11.84569222,   -6.54172481
                                                  
