       SCF,POSTHF,EKIN,POT
   -15.68979202,   -15.88149940,   11.84522573,   -6.54163138
                                                  
