       SCF,POSTHF,EKIN,POT
   -15.68874380,   -15.81771989,   11.87194641,   -6.51034074
                                                  
