       SCF,POSTHF,EKIN,POT
   -15.68964442,   -15.86311650,   11.99673997,   -6.53411491
                                                  
